{
    "allProspects": [
    {
      "name": "Steve",
      "phone": 56,
      "task": [1,2,3],
      "position": "Acquaintance"
    },
    {
      "name": "Mason",
      "phone": 22,
      "task": [9,8,7],
      "position": "Acquaintance"
    },
    {
      "name": "Meg",
      "phone": 99,
      "task": ["ok", 5],
      "position": "Future Prospect"
    },
    {
      "name": "Jon",
      "phone": 909,
      "task": ["yes", 5],
      "position": "Future Prospect"
    },
    {
      "name": "Jack",
      "phone": 18,
      "task": ["ok", 5],
      "position": "Exposed to essential Oils"
    },
    {
      "name": "James",
      "phone": 108,
      "task": ["nope", "fine"],
      "position": "Exposed to essential Oils"
    },
    {
      "name": "Willy",
      "phone": 10865,
      "task": [],
      "position": "Commited to a Meeting"
    },
    {
      "name": "Maren",
      "phone": 51308,
      "task": ["fine"],
      "position": "Commited to a Meeting"
    },
    {
      "name": "Hannah",
      "phone": 456108,
      "task": [],
      "position": "Attended a Meeting"
    },
    {
      "name": "Jim",
      "phone": 6652,
      "task": [5,4,8],
      "position": "Attended a Meeting"
    },
    {
      "name": "You",
      "phone": 108,
      "task": [],
      "position": "Enrolled"
    },
    {
      "name": "Him",
      "phone": 61088,
      "task": ["yell"],
      "position": "Enrolled"
    },
    {
      "name": "Jose",
      "phone": 15508,
      "task": ["help"],
      "position": "Lifestyle & Buisness Overview"
    },
    {
      "name": "Andrew",
      "phone": 10558,
      "task": [],
      "position": "Lifestyle & Buisness Overview"
    },
    {
      "name": "Yolo",
      "phone": 1,
      "task": ["fine"],
      "position": "1st Menor Session"
    },
    {
      "name": "He",
      "phone": 128,
      "task": [],
      "position": "1st Menor Session"
    },
    {
      "name": "You",
      "phone": 13,
      "task": [],
      "position": "Launched"
    },
    {
      "name": "Jack",
      "phone": 8,
      "task": [],
      "position": "Launched"
    },
    {
      "name": "Laura",
      "phone": 0,
      "task": [1,2],
      "position": "Recognized & Promoted this week"
    },
    {
      "name": "Adam",
      "phone": 66,
      "task": ["nope", "fine"],
      "position": "Recognized & Promoted this week"
    },
    {
      "name": "Tom",
      "phone": 17777708,
      "task": [],
      "position": "Retained 90 Days"
    },
    {
      "name": "Tim",
      "phone": 188908,
      "task": ["father"],
      "position": "Retained 90 Days"
    },{
      "name": "Steve",
      "phone": 56,
      "task": [1,2,3],
      "position": "Acquaintance"
    },
    {
      "name": "Mason",
      "phone": 22,
      "task": [9,8,7],
      "position": "Acquaintance"
    },
    {
      "name": "Meg",
      "phone": 99,
      "task": ["ok", 5],
      "position": "Future Prospect"
    },
    {
      "name": "Jon",
      "phone": 909,
      "task": ["yes", 5],
      "position": "Future Prospect"
    },
    {
      "name": "Jack",
      "phone": 18,
      "task": ["ok", 5],
      "position": "Exposed to essential Oils"
    },
    {
      "name": "James",
      "phone": 108,
      "task": ["nope", "fine"],
      "position": "Exposed to essential Oils"
    },
    {
      "name": "Willy",
      "phone": 10865,
      "task": [],
      "position": "Commited to a Meeting"
    },
    {
      "name": "Maren",
      "phone": 51308,
      "task": ["fine"],
      "position": "Commited to a Meeting"
    },
    {
      "name": "Hannah",
      "phone": 456108,
      "task": [],
      "position": "Attended a Meeting"
    },
    {
      "name": "Jim",
      "phone": 6652,
      "task": [5,4,8],
      "position": "Attended a Meeting"
    },
    {
      "name": "You",
      "phone": 108,
      "task": [],
      "position": "Enrolled"
    },
    {
      "name": "Him",
      "phone": 61088,
      "task": ["yell"],
      "position": "Enrolled"
    },
    {
      "name": "Jose",
      "phone": 15508,
      "task": ["help"],
      "position": "Lifestyle & Buisness Overview"
    },
    {
      "name": "Andrew",
      "phone": 10558,
      "task": [],
      "position": "Lifestyle & Buisness Overview"
    },
    {
      "name": "Yolo",
      "phone": 1,
      "task": ["fine"],
      "position": "1st Menor Session"
    },
    {
      "name": "He",
      "phone": 128,
      "task": [],
      "position": "1st Menor Session"
    },
    {
      "name": "You",
      "phone": 13,
      "task": [],
      "position": "Launched"
    },
    {
      "name": "Jack",
      "phone": 8,
      "task": [],
      "position": "Launched"
    },
    {
      "name": "Laura",
      "phone": 0,
      "task": [1,2],
      "position": "Recognized & Promoted this week"
    },
    {
      "name": "Adam",
      "phone": 66,
      "task": ["nope", "fine"],
      "position": "Recognized & Promoted this week"
    },
    {
      "name": "Tom",
      "phone": 17777708,
      "task": [],
      "position": "Retained 90 Days"
    },
    {
      "name": "Tim",
      "phone": 188908,
      "task": ["father"],
      "position": "Retained 90 Days"
    }
  ]
}