[
    {
        "name": "James",
        "task": "call",
        "notes": "Give her a call",
        "date": "",
        "status": false,
        "task_id": "",
        "prospect_id": "",
        "user_id": ""
    },
    {
        "name": "Shannon",
        "task": "email",
        "notes": "email was read",
        "date": "",
        "status": false,
        "task_id": "",
        "prospect_id": "",
        "user_id": ""
    },
    {
        "name": "Someone",
        "task": "text",
        "notes": "Text her an icebreaker",
        "date": "",
        "status": false,
        "task_id": "",
        "prospect_id": "",
        "user_id": ""
    },
    {
        "name": "New",
        "task": "meet",
        "notes": "Have a meeting",
        "date": "",
        "status": false,
        "task_id": "",
        "prospect_id": "",
        "user_id": ""
    }

]